Pathway_ID,resource_id,sequence_id,Pathway LOD
Course_1_Week_10,Course1_W10-S1-L1_Introduction_1-02.txt,1,1
Course_1_Week_10,Course1_W10-S1-L2_Recap_of_GLMs_7-40.txt,2,1
Course_1_Week_10,Course1_W10-S1-L3_GLMs_for_Tagging_Part_1_5-26.txt,3,1
Course_1_Week_10,Course1_W10-S1-L4_GLMs_for_Tagging_Part_2_7-35.txt,4,1
Course_1_Week_10,Course1_W10-S1-L5_GLMs_for_Tagging_Part_3_7-06.txt,5,1
Course_1_Week_10,Course1_W10-S1-L6_GLMs_for_Tagging_Part_4_6-00.txt,6,1
Course_1_Week_10,Course1_W10-S2-L1_Introduction_0-37.txt,7,1
Course_1_Week_10,Course1_W10-S2-L2_The_Dependency_Parsing_Problem_Part_1_5-21.txt,8,1
Course_1_Week_10,Course1_W10-S2-L3_The_Dependency_Parsing_Problem_Part_2_13-53.txt,9,1
Course_1_Week_10,Course1_W10-S2-L4_GLMs_for_Dependency_Parsing_Part_1_11-59.txt,10,1
Course_1_Week_10,Course1_W10-S2-L5_GLMs_for_Dependency_Parsing_Part_2_8-28.txt,11,1
Course_1_Week_10,Course1_W10-S2-L6_Experiments_with_GLMs_for_Dep._Parsing_5-38.txt,12,1
Course_1_Week_10,Course1_W10-S2-L7_Summary_2-50.txt,13,1
Course_1_Week_1,Course1_W1-S1-L1_Introduction_Part_1_11-17.txt,1,1
Course_1_Week_1,Course1_W1-S1-L2_Introduction_Part_2_10-28.txt,2,1
Course_1_Week_1,Course1_W1-S2-L1_Introduction_to_the_Language_Modeling_Problem_Part_1_6-17.txt,3,1
Course_1_Week_1,Course1_W1-S2-L2_Introduction_to_the_Language_Modeling_Problem_Part_2_7-12.txt,4,1
Course_1_Week_1,Course1_W1-S2-L3_Markov_Processes_Part_1_8-56.txt,5,1
Course_1_Week_1,Course1_W1-S2-L4_Markov_Processes_Part_2_6-28.txt,6,1
Course_1_Week_1,Course1_W1-S2-L5_Trigram_Language_Models_9-40.txt,7,1
Course_1_Week_1,Course1_W1-S2-L6_Evaluating_Language_Models-_Perplexity_12-36.txt,8,1
Course_1_Week_1,Course1_W1-S3-L1_Linear_Interpolation_Part_1_7-46.txt,9,1
Course_1_Week_1,Course1_W1-S3-L2_Linear_Interpolation_Part_2_11-35.txt,10,1
Course_1_Week_1,Course1_W1-S3-L3_Discounting_Methods_Part_1_9-26.txt,11,1
Course_1_Week_1,Course1_W1-S3-L4_Discounting_Methods_Part_2_3-34.txt,12,1
Course_1_Week_1,Course1_W1-S3-L5_Summary_2-31.txt,13,1
Course_1_Week_2,Course1_W2-S1-L1_The_Tagging_Problem_10-01.txt,1,1
Course_1_Week_2,Course1_W2-S1-L2_Generative_Models_for_Supervised_Learning_8-57.txt,2,1
Course_1_Week_2,Course1_W2-S1-L3_Hidden_Markov_Models_HMMs-_Basic_Definitions_12-00.txt,3,1
Course_1_Week_2,Course1_W2-S1-L4_Parameter_Estimation_in_HMMs_13-16.txt,4,1
Course_1_Week_2,Course1_W2-S1-L5_The_Viterbi_Algorithm_for_HMMs_Part_1_14-07.txt,5,1
Course_1_Week_2,Course1_W2-S1-L6_The_Viterbi_Algorithm_for_HMMs_Part_2_3-31.txt,6,1
Course_1_Week_2,Course1_W2-S1-L7_The_Viterbi_Algorithm_for_HMMs_Part_3_7-33.txt,7,1
Course_1_Week_2,Course1_W2-S1-L8_Summary_1-50.txt,8,1
Course_1_Week_3,Course1_W3-S1-L1_Introduction_0-28.txt,1,1
Course_1_Week_3,Course1_W3-S1-L2_Introduction_to_the_Parsing_Problem_Part_1_10-37.txt,2,1
Course_1_Week_3,Course1_W3-S1-L3_Introduction_to_the_Parsing_Problem_Part_2_4-20.txt,3,1
Course_1_Week_3,Course1_W3-S1-L4_Context-Free_Grammars_Part_1_12-11.txt,4,1
Course_1_Week_3,Course1_W3-S1-L5_Context-Free_Grammars_Part_2_2-22.txt,5,1
Course_1_Week_3,Course1_W3-S1-L6_A_Simple_Grammar_for_English_Part_1_10-32.txt,6,1
Course_1_Week_3,Course1_W3-S1-L7_A_Simple_Grammar_for_English_Part_2_5-30.txt,7,1
Course_1_Week_3,Course1_W3-S1-L8_A_Simple_Grammar_for_English_Part_3_11-21.txt,8,1
Course_1_Week_3,Course1_W3-S1-L9_A_Simple_Grammar_for_English_Part_4_2-20.txt,9,1
Course_1_Week_3,Course1_W3-S1-L10_Examples_of_Ambiguity_5-56.txt,10,1
Course_1_Week_3,Course1_W3-S2-L1_Introduction_1-12.txt,11,1
Course_1_Week_3,Course1_W3-S2-L2_Basics_of_PCFGs_Part_1_9-43.txt,12,1
Course_1_Week_3,Course1_W3-S2-L3_Basics_of_PCFGs_Part_2_8-26.txt,13,1
Course_1_Week_3,Course1_W3-S2-L4_The_CKY_Parsing_Algorithm_Part_1__7-31.txt,14,1
Course_1_Week_3,Course1_W3-S2-L5_The_CKY_Parsing_Algorithm_Part_2__13-22.txt,15,1
Course_1_Week_3,Course1_W3-S2-L6_The_CKY_Parsing_Algorithm_Part_3_10-07.txt,16,1
Course_1_Week_4,Course1_W4-S1-L1_Weaknesses_of_PCFGs_14-59.txt,1,1
Course_1_Week_4,Course1_W4-S2-L1_Introduction_00-17.txt,2,1
Course_1_Week_4,Course1_W4-S2-L2_Lexicalization_of_a_Treebank_10-44.txt,3,1
Course_1_Week_4,Course1_W4-S2-L3_Lexicalized_PCFGs-_Basic_Definitions_12-40.txt,4,1
Course_1_Week_4,Course1_W4-S2-L4_Parameter_Estimation_in_Lexicalized_PCFGs_Part_1_5-28.txt,5,1
Course_1_Week_4,Course1_W4-S2-L5_Parameter_Estimation_in_Lexicalized_PCFGs_Part_2_9-08.txt,6,1
Course_1_Week_4,Course1_W4-S2-L6_Evaluation_of_Lexicalized_PCFGs_Part_1_9-32.txt,7,1
Course_1_Week_4,Course1_W4-S2-L7_Evaluation_of_Lexicalized_PCFGs_Part_2_11-28.txt,8,1
Course_1_Week_5,Course1_W5-S1-L1_Opening_Comments_0-25.txt,6,2
Course_1_Week_5,Course1_W5-S1-L2_introduction_2-03.txt,1,2
Course_1_Week_5,Course1_W5-S1-L3_Challenges_in_MT_8-06.txt,2,2
Course_1_Week_5,Course1_W5-S1-L4_Classical_Approaches_to_MT_Part_1_8-02.txt,3,2
Course_1_Week_5,Course1_W5-S1-L5_Classical_Approaches_to_MT_Part_2_5-56.txt,4,2
Course_1_Week_5,Course1_W5-S1-L6_Introduction_to_Statistical_MT_12-31.txt,5,2
Course_1_Week_5,Course1_W5-S2-L1_Introduction_3-24.txt,7,2
Course_1_Week_5,Course1_W5-S2-L2_IBM_Model_1_Part_1_13-06.txt,8,2
Course_1_Week_5,Course1_W5-S2-L3_IBM_Model_1_Part_2_9-01.txt,9,2
Course_1_Week_5,Course1_W5-S2-L4_IBM_Model_2_11-27.txt,10,2
Course_1_Week_5,Course1_W5-S2-L5_The_EM_Algorithm_for_IBM_Model_2_Part_1_5-09.txt,11,2
Course_1_Week_5,Course1_W5-S2-L6_The_EM_Algorithm_for_IBM_Model_2_Part_2_8-37.txt,12,2
Course_1_Week_5,Course1_W5-S2-L7_The_EM_Algorithm_for_IBM_Model_2_Part_3_9-28.txt,13,2
Course_1_Week_5,Course1_W5-S2-L8_The_EM_Algorithm_for_IBM_Model_2_Part_4_4-52.txt,14,2
Course_1_Week_5,Course1_W5-S2-L9_Summary_1-48.txt,15,2
Course_1_Week_6,Course1_W6-S1-L1_Introduction_0-41.txt,1,2
Course_1_Week_6,Course1_W6-S1-L2_Learning_Phrases_from_Alignments_Part_1_9-18.txt,2,2
Course_1_Week_6,Course1_W6-S1-L3_Learning_Phrases_from_Alignments_Part_2_7-01.txt,3,2
Course_1_Week_6,Course1_W6-S1-L4_Learning_Phrases_from_Alignments_Part_3_8-47.txt,4,2
Course_1_Week_6,Course1_W6-S1-L5_A_Sketch_of_Phrase-based_Translation_8-17.txt,5,2
Course_1_Week_6,Course1_W6-S2-L1_Definition_of_the_Decoding_Problem_Part_1_9-12.txt,6,2
Course_1_Week_6,Course1_W6-S2-L2_Definition_of_the_Decoding_Problem_Part_2_13-00.txt,7,2
Course_1_Week_6,Course1_W6-S2-L3_Definition_of_the_Decoding_Problem_Part_3_10-43.txt,8,2
Course_1_Week_6,Course1_W6-S2-L4_The_Decoding_Algorithm_Part_1_14-39.txt,9,2
Course_1_Week_6,Course1_W6-S2-L5_The_Decoding_Algorithm_Part_2_6-23.txt,10,2
Course_1_Week_6,Course1_W6-S2-L6_The_Decoding_Algorithm_Part_3_12-29.txt,11,2
Course_1_Week_7,Course1_W7-S1-L1_Introduction_0-47.txt,1,2
Course_1_Week_7,Course1_W7-S1-L2_Two_Example_Problems_11-19.txt,2,2
Course_1_Week_7,Course1_W7-S1-L3_Features_in_Log-Linear_Models_Part_1_13-56.txt,3,2
Course_1_Week_7,Course1_W7-S1-L4_Features_in_Log-Linear_Models_Part_2_10-13.txt,4,2
Course_1_Week_7,Course1_W7-S1-L5_Definition_of_Log-linear_Models_Part_1_11-50.txt,5,2
Course_1_Week_7,Course1_W7-S1-L6_Definition_of_Log-linear_Models_Part_2_3-45.txt,6,2
Course_1_Week_7,Course1_W7-S1-L7_Parameter_Estimation_in_Log-linear_Models_Part_1_12-44.txt,7,2
Course_1_Week_7,Course1_W7-S1-L8_Parameter_Estimation_in_Log-linear_Models_Part_2_4-13.txt,8,2
Course_1_Week_7,Course1_W7-S1-L9_Smoothing-Regularization_in_Log-linear_Models_15-12.txt,9,2
Course_1_Week_8,Course1_W8-S1-L1_Introduction_1-41.txt,10,2
Course_1_Week_8,Course1_W8-S1-L2_Recap_of_the_Tagging_Problem_3-15.txt,11,2
Course_1_Week_8,Course1_W8-S1-L3_Independence_Assumptions_in_Log-linear_Taggers_8-32.txt,12,2
Course_1_Week_8,Course1_W8-S1-L4_Features_in_Log-Linear_Taggers_13-21.txt,13,2
Course_1_Week_8,Course1_W8-S1-L5_Parameters_in_Log-linear_Models_3-59.txt,14,2
Course_1_Week_8,Course1_W8-S1-L6_The_Viterbi_Algorithm_for_Log-linear_Taggers_9-37.txt,15,2
Course_1_Week_8,Course1_W8-S1-L7_An_Example_Application_9-28.txt,16,2
Course_1_Week_8,Course1_W8-S1-L8_Summary_2-45.txt,17,2
Course_1_Week_8,Course1_W8-S2-L1_Introduction_0-47.txt,18,2
Course_1_Week_8,Course1_W8-S2-L2_Conditional_History-based_Models_7-14.txt,19,2
Course_1_Week_8,Course1_W8-S2-L3_Representing_Trees_as_Decision_Sequences_Part_1_7-23.txt,20,2
Course_1_Week_8,Course1_W8-S2-L4_Representing_Trees_as_Decision_Sequences_Part_2_10-20.txt,21,2
Course_1_Week_8,Course1_W8-S2-L5_Features_and_Beam_Search_12-10.txt,22,2
Course_1_Week_8,Course1_W8-S2-L6_Summary_1-12.txt,23,2
Course_1_Week_9,Course1_W9-S1-L1_Introduction_0-36.txt,1,2
Course_1_Week_9,Course1_W9-S1-L2_Word_Cluster_Representations_8-36.txt,2,2
Course_1_Week_9,Course1_W9-S1-L3_The_Brown_Clustering_Algorithm_Part_1_11-50.txt,3,2
Course_1_Week_9,Course1_W9-S1-L4_The_Brown_Clustering_Algorithm_Part_2_8-30.txt,4,2
Course_1_Week_9,Course1_W9-S1-L5_The_Brown_Clustering_Algorithm_Part_3_9-18.txt,5,2
Course_1_Week_9,Course1_W9-S1-L6_Clusters_in_NE_Recognition_Part_1_11-33.txt,6,2
Course_1_Week_9,Course1_W9-S1-L7_Clusters_in_NE_Recognition_Part_2_7-28.txt,7,2
Course_1_Week_9,Course1_W9-S2-L1_Introduction_0-30.txt,8,2
Course_1_Week_9,Course1_W9-S2-L2_Recap_of_History-based_Models_7-11.txt,9,2
Course_1_Week_9,Course1_W9-S2-L3_Motivation_for_GLMs_6-34.txt,10,2
Course_1_Week_9,Course1_W9-S2-L4_Three_Components_of_GLMs_14-39.txt,11,2
Course_1_Week_9,Course1_W9-S2-L5_GLMs_for_Parse_Reranking_10-36.txt,12,2
Course_1_Week_9,Course1_W9-S2-L6_Parameter_Estimation_with_the_Perceptron_Algorithm_6-11.txt,13,2
Course_1_Week_9,Course1_W9-S2-L7_Summary_3-01.txt,14,2
Course_2_Week_1,Course2_W1-S1-L1_Course_Introduction_14-11.txt,1,3
Course_2_Week_1,Course2_W1-S2-L1_Regular_Expressions_11-25.txt,2,3
Course_2_Week_1,Course2_W1-S2-L2_Regular_Expressions_in_Practical_NLP_6-04.txt,3,3
Course_2_Week_1,Course2_W1-S2-L3_Word_Tokenization_14-26.txt,4,3
Course_2_Week_1,Course2_W1-S2-L4_Word_Normalization_and_Stemming_11-47.txt,5,3
Course_2_Week_1,Course2_W1-S2-L5_Sentence_Segmentation_5-31.txt,6,3
Course_2_Week_1,Course2_W1-S3-L1_Defining_Minimum_Edit_Distance_7-04.txt,7,3
Course_2_Week_1,Course2_W1-S3-L2_Computing_Minimum_Edit_Distance_5-54.txt,8,3
Course_2_Week_1,Course2_W1-S3-L3_Backtrace_for_Computing_Alignments_5-55.txt,9,3
Course_2_Week_1,Course2_W1-S3-L4_Weighted_Minimum_Edit_Distance_2-47.txt,10,3
Course_2_Week_1,Course2_W1-S3-L5_Minimum_Edit_Distance_in_Computational_Biology_9-29.txt,11,3
Course_2_Week_2,Course2_W2-S1-L1_Introduction_to_N-grams_8-41.txt,1,3
Course_2_Week_2,Course2_W2-S1-L2_Estimating_N-gram_Probabilities_9-38.txt,2,3
Course_2_Week_2,Course2_W2-S1-L3_Evaluation_and_Perplexity_11-09.txt,3,3
Course_2_Week_2,Course2_W2-S1-L4_Generalization_and_Zeros_5-15.txt,4,3
Course_2_Week_2,Course2_W2-S1-L5_Smoothing-_Add-One_6-30.txt,5,3
Course_2_Week_2,Course2_W2-S1-L6_Interpolation_10-25.txt,6,3
Course_2_Week_2,Course2_W2-S1-L7_Good-Turing_Smoothing_15-35.txt,7,3
Course_2_Week_2,Course2_W2-S1-L8_Kneser-Ney_Smoothing_8-59.txt,8,3
Course_2_Week_2,Course2_W2-S2-L1_The_Spelling_Correction_Task_5-39.txt,9,3
Course_2_Week_2,Course2_W2-S2-L2_The_Noisy_Channel_Model_of_Spelling_19-30.txt,10,3
Course_2_Week_2,Course2_W2-S2-L3_Real-Word_Spelling_Correction_9-19.txt,11,3
Course_2_Week_2,Course2_W2-S2-L4_State_of_the_Art_Systems_7-10.txt,12,3
Course_2_Week_3,Course2_W3-S1-L1_What_is_Text_Classification_8-12.txt,1,3
Course_2_Week_3,Course2_W3-S1-L2_Naive_Bayes_3-19.txt,2,3
Course_2_Week_3,Course2_W3-S1-L3_Formalizing_the_Naive_Bayes_Classifier_9-28.txt,3,3
Course_2_Week_3,Course2_W3-S1-L4_Naive_Bayes-_Learning_5-22.txt,4,3
Course_2_Week_3,Course2_W3-S1-L5_Naive_Bayes-_Relationship_to_Language_Modeling_4-35.txt,5,3
Course_2_Week_3,Course2_W3-S1-L6_Multinomial_Naive_Bayes-_A_Worked_Example_8-58.txt,6,3
Course_2_Week_3,Course2_W3-S1-L7_Precision_Recall_and_the_F_measure_16-16.txt,7,3
Course_2_Week_3,Course2_W3-S1-L8_Text_Classification-_Evaluation_7-17.txt,8,3
Course_2_Week_3,Course2_W3-S1-L9_Practical_Issues_in_Text_Classification_5-56.txt,9,3
Course_2_Week_3,Course2_W3-S2_L1_What_is_Sentiment_Analysis_7-17.txt,10,3
Course_2_Week_3,Course2_W3-S2_L2_Sentiment_Analysis-_A_baseline_algorithm_13-27.txt,11,3
Course_2_Week_3,Course2_W3-S2_L3_Sentiment_Lexicons_8-37.txt,12,3
Course_2_Week_3,Course2_W3-S2_L4_Learning_Sentiment_Lexicons_14-45.txt,13,3
Course_2_Week_3,Course2_W3-S2_L5_Other_Sentiment_Tasks_11-01.txt,14,3
Course_2_Week_4,Course2_W4-S1-L1_Generative_vs._Discriminative_Models_7-49.txt,1,3
Course_2_Week_4,Course2_W4-S1-L2_Making_features_from_text_for_discriminative_NLP_models_18-11.txt,2,3
Course_2_Week_4,Course2_W4-S1-L3_Feature-Based_Linear_Classifiers_13-34.txt,3,3
Course_2_Week_4,Course2_W4-S1-L4_Building_a_Maxent_Model-_The_Nuts_and_Bolts_8-04.txt,4,3
Course_2_Week_4,Course2_W4-S1-L5_Generative_vs._Discriminative_models-_The_problem_of_overcounting_evidence_12-15.txt,5,3
Course_2_Week_4,Course2_W4-S1-L6_Maximizing_the_Likelihood_10-29.txt,6,3
Course_2_Week_4,Course2_W4-S2-L1_Introduction_to_Information_Extraction_9-18.txt,7,3
Course_2_Week_4,Course2_W4-S2-L2_Evaluation_of_Named_Entity_Recognition_6-34.txt,8,3
Course_2_Week_4,Course2_W4-S2-L3_Sequence_Models_for_Named_Entity_Recognition_15-05.txt,9,3
Course_2_Week_4,Course2_W4-S2-L4_Maximum_Entropy_Sequence_Models_13-01.txt,10,3
Course_2_Week_4,Course2_W4-S3-L1_What_is_Relation_Extraction_9-47.txt,11,3
Course_2_Week_4,Course2_W4-S3-L2_Using_Patterns_to_Extract_Relations_6-17.txt,12,3
Course_2_Week_4,Course2_W4-S3-L3_Supervised_Relation_Extraction_10-51.txt,13,3
Course_2_Week_4,Course2_W4-S3-L4_Semi-Supervised_and_Unsupervised_Relation_Extraction_9-53.txt,14,3
Course_2_Week_5,Course2_W5-S1-L1_The_Maximum_Entropy_Model_Presentation_12-14.txt,1,3
Course_2_Week_5,Course2_W5-S1-L2_Feature_Overlap-Feature_Interaction_12-51.txt,2,3
Course_2_Week_5,Course2_W5-S1-L3_Conditional_Maxent_Models_for_Classification_4-11.txt,3,3
Course_2_Week_5,Course2_W5-S1-L4_Smoothing-Regularization-Priors_for_Maxent_Models_29-24.txt,4,3
Course_2_Week_5,Course2_W5-S2-L1_An_Intro_to_Parts_of_Speech_and_POS_Tagging_13-19.txt,5,3
Course_2_Week_5,Course2_W5-S2-L2_Some_Methods_and_Results_on_Sequence_Models_for_POS_Tagging_13-04.txt,6,3
Course_2_Week_5,Course2_W5-S3-L1_Syntactic_Structure-_Constituency_vs_Dependency_8-46.txt,7,3
Course_2_Week_5,Course2_W5-S3-L2_Empirical-Data-Driven_Approach_to_Parsing_7-11.txt,8,3
Course_2_Week_5,Course2_W5-S3-L3_The_Exponential_Problem_in_Parsing_14-30.txt,9,3
Course_2_Week_6,Course2_W6-S1-L1_CFGs_and_PCFGs_15-29.txt,1,4
Course_2_Week_6,Course2_W6-S1-L2_Grammar_Transforms_12-05.txt,2,4
Course_2_Week_6,Course2_W6-S1-L3_CKY_Parsing_23-25.txt,3,4
Course_2_Week_6,Course2_W6-S1-L4_CKY_Example_21-52.txt,4,4
Course_2_Week_6,Course2_W6-S1-L5_Constituency_Parser_Evaluation_9-45.txt,5,4
Course_2_Week_6,Course2_W6-S2-L1_Lexicalization_of_PCFGs_7-03.txt,6,4
Course_2_Week_6,Course2_W6-S2-L2_Charniaks_Model_18-23.txt,7,4
Course_2_Week_6,Course2_W6-S2-L3_PCFG_Independence_Assumptions_9-44.txt,8,4
Course_2_Week_6,Course2_W6-S2-L4_The_Return_of_Unlexicalized_PCFGs_20-53.txt,9,4
Course_2_Week_6,Course2_W6-S2-L5_Latent_Variable_PCFGs_12-07.txt,10,4
Course_2_Week_6,Course2_W6-S3-L1_Dependency_Parsing_Introduction_10-25.txt,11,4
Course_2_Week_6,Course2_W6-S3-L2_Greedy_Transition-Based_Parsing_31-05.txt,12,4
Course_2_Week_6,Course2_W6-S3-L3_Dependencies_Encode_Relational_Structure_7-20.txt,13,4
Course_2_Week_7,Course2_W7-S1-L1_Introduction_to_Information_Retrieval_9-16.txt,1,4
Course_2_Week_7,Course2_W7-S1-L2_Term-Document_Incidence_Matrices_8-59.txt,2,4
Course_2_Week_7,Course2_W7-S1-L3_The_Inverted_Index_10-42.txt,3,4
Course_2_Week_7,Course2_W7-S1-L4_Query_Processing_with_the_Inverted_Index_6-43.txt,4,4
Course_2_Week_7,Course2_W7-S1-L5_Phrase_Queries_and_Positional_Indexes_19-45.txt,5,4
Course_2_Week_7,Course2_W7-S2-L1_Introducing_Ranked_Retrieval_4-27.txt,6,4
Course_2_Week_7,Course2_W7-S2-L2_Scoring_with_the_Jaccard_Coefficient_5-06.txt,7,4
Course_2_Week_7,Course2_W7-S2-L3_Term_Frequency_Weighting_5-59.txt,8,4
Course_2_Week_7,Course2_W7-S2-L4_Inverse_Document_Frequency_Weighting_10-16.txt,9,4
Course_2_Week_7,Course2_W7-S2-L5_TF-IDF_Weighting_3-42.txt,10,4
Course_2_Week_7,Course2_W7-S2-L6_The_Vector_Space_Model_16-22.txt,11,4
Course_2_Week_7,Course2_W7-S2-L7_Calculating_TF-IDF_Cosine_Scores_12-47.txt,12,4
Course_2_Week_7,Course2_W7-S2-L8_Evaluating_Search_Engines_9-02.txt,13,4
Course_2_Week_8,Course2_W8-S1-L1_Word_Senses_and_Word_Relations_11-50.txt,1,4
Course_2_Week_8,Course2_W8-S1-L2_WordNet_and_Other_Online_Thesauri_6-23.txt,2,4
Course_2_Week_8,Course2_W8-S1-L3_Word_Similarity_and_Thesaurus_Methods_16-17.txt,3,4
Course_2_Week_8,Course2_W8-S1-L4_Word_Similarity-_Distributional_Similarity_I_13-14.txt,4,4
Course_2_Week_8,Course2_W8-S1-L5_Word_Similarity-_Distributional_Similarity_II_8-15.txt,5,4
Course_2_Week_8,Course2_W8-S2-L1_What_is_Question_Answering_7-28.txt,6,4
Course_2_Week_8,Course2_W8-S2-L2_Answer_Types_and_Query_Formulation_8-47.txt,7,4
Course_2_Week_8,Course2_W8-S2-L3_Passage_Retrieval_and_Answer_Extraction_6-38.txt,8,4
Course_2_Week_8,Course2_W8-S2-L4_Using_Knowledge_in_QA_4-25.txt,9,4
Course_2_Week_8,Course2_W8-S2-L5_Advanced-_Answering_Complex_Questions_4-52.txt,10,4
Course_2_Week_8,Course2_W8-S3-L1_Introduction_to_Summarization.txt,11,4
Course_2_Week_8,Course2_W8-S3-L2_Generating_Snippets.txt,12,4
Course_2_Week_8,Course2_W8-S3-L3_Evaluating_Summaries-_ROUGE.txt,13,4
Course_2_Week_8,Course2_W8-S3-L4_Summarizing_Multiple_Documents.txt,14,4
Course_3_Week_10,Course3_W10-S1-L1_-_Collocations_-_20_slides_11-54.txt,1,4
Course_3_Week_10,Course3_W10-S1-L2_-_Information_Retrieval_-_32_slides_21-38.txt,2,4
Course_3_Week_10,Course3_W10-S1-L3_-_Evaluation_of_IR_-_14_slides_11-15.txt,3,4
Course_3_Week_10,Course3_W10-S1-L4_-_Text_Classification_-_26_slides_26-36.txt,4,4
Course_3_Week_10,Course3_W10-S1-L5_-_Text_Clustering_-_17_slides_15-39.txt,5,4
Course_3_Week_10,Course3_W10-S1-L6_-_Information_Retrieval_Toolkits_-_8_slides_02-38.txt,6,4
Course_3_Week_11,Course3_W11-S1-L1_-_Sentiment_Analysis_-_17_slides_08-49.txt,1,5
Course_3_Week_11,Course3_W11-S1-L2_-_Sentiment_Lexicons_-_12_slides_07-53.txt,2,5
Course_3_Week_11,Course3_W11-S1-L3_-_Semantics_-_15_slides_07-24.txt,3,5
Course_3_Week_11,Course3_W11-S1-L4_-_Representing_and_Understanding_Meaning_-_14_slides_09-22.txt,4,5
Course_3_Week_11,Course3_W11-S1-L5_-_First_Order_Logic_-_16_slides_07-37.txt,5,5
Course_3_Week_11,Course3_W11-S1-L6_-_Knowledge_Representation_-_15_slides_12-18.txt,6,5
Course_3_Week_11,Course3_W11-S1-L7_-_Inference_-_9_slides_06-45.txt,7,5
Course_3_Week_11,Course3_W11-S1-L8_-_Semantic_Parsing_-_24_slides_09-30.txt,8,5
Course_3_Week_12,Course3_W12-S1-L1_-_Discourse_Analysis_-_19_slides_14-56.txt,1,5
Course_3_Week_12,Course3_W12-S1-L2_-_Coherence_-_19_slides_16-39.txt,2,5
Course_3_Week_12,Course3_W12-S1-L3_-_Dialogue_Systems_-_18_slides_09-22.txt,3,5
Course_3_Week_12,Course3_W12-S1-L4_-_Machine_Translation_-_21_slides_10-55.txt,4,5
Course_3_Week_12,Course3_W12-S1-L5_-_Machine_Translation_Basic_Techniques_-_13_slides_11-48.txt,5,5
Course_3_Week_12,Course3_W12-S1-L6_-__Machine_Translation_Noisy_Channel_Methods_-_22_slides_11-53.txt,6,5
Course_3_Week_12,Course3_W12-S1-L7_-_Machine_Translation_Advanced_Methods_-_13_slides_09-36.txt,7,5
Course_3_Week_12,Course3_W12-S1-L8_-_Text_Generation_-_11_slides_05-49.txt,8,5
Course_3_Week_1,Course3_W1-S1-L1_-_Introduction_-_11_slides_08-39.txt,1,4
Course_3_Week_1,Course3_W1-S1-L2_-_Examples_of_Text_-_14_slides_07-52.txt,2,4
Course_3_Week_1,Course3_W1-S1-L3_-_Funny_Sentences_-_10_slides_06-35.txt,3,4
Course_3_Week_1,Course3_W1-S1-L4_-_Administrative_-__9_slides_08-07.txt,4,4
Course_3_Week_1,Course3_W1-S1-L5_-_Why_is_NLP_hard_-_18_slides_25-56.txt,5,4
Course_3_Week_1,Course3_W1-S1-L6_-_Background_-_11_slides_16-55.txt,6,4
Course_3_Week_1,Course3_W1-S1-L7_-_Linguistics_-_23_slides_21-27.txt,7,4
Course_3_Week_2,Course3_W2-S1-L1_-_Parts_of_speech_-_17_slides_15-50.txt,1,5
Course_3_Week_2,Course3_W2-S1-L2_-_Morphology_and_the_Lexicon_-_20_slides_21-02.txt,2,5
Course_3_Week_2,Course3_W2-S1-L3_-_Text_Similarity-_Introduction_-_8_slides_07-27.txt,3,5
Course_3_Week_2,Course3_W2-S1-L4_-_Morphological_Similarity-_Stemming_-_19_slides_15-05.txt,4,5
Course_3_Week_2,Course3_W2-S1-L5_-_Spelling_Similarity-_Edit_Distance_-_32_slides_21-23.txt,5,5
Course_3_Week_2,Course3_W2-S1-L6_-_NACLO_-_11_slides_03-51.txt,6,5
Course_3_Week_2,Course3_W2-S1-L7_-_Preprocessing_-_9_slides_11-48.txt,7,5
Course_3_Week_3,Course3_W3-S1-L1_-_Semantic_Similarity-_Synonymy_and_other_Semantic_Relations_-_23__slides_14-38.txt,1,5
Course_3_Week_3,Course3_W3-S1-L2_-_Thesaurus-based_Word_Similarity_Methods_-_11_slides_07-52.txt,2,5
Course_3_Week_3,Course3_W3-S1-L3_-_The_Vector_Space_Model_-_15_slides_09-53.txt,3,5
Course_3_Week_3,Course3_W3-S1-L4_-_Dimensionality_Reduction_-_38_slides_23-50.txt,4,5
Course_3_Week_3,Course3_W3-S1-L5_-_NLP_Tasks_1-3_-_16_slides_14-45.txt,5,5
Course_3_Week_3,Course3_W3-S1-L6_-_NLP_Tasks_2-3_-_20_slides_15-33.txt,6,5
Course_3_Week_3,Course3_W3-S1-L7_-_NLP_Tasks_3-3_-_21_slides_16-21.txt,7,5
Course_3_Week_4,Course3_W4-S1-L1_-_Syntax_-_30_slides_31-02.txt,1,5
Course_3_Week_4,Course3_W4-S1-L2_-_Parsing_-_22_slides_17-38.txt,2,5
Course_3_Week_4,Course3_W4-S1-L3_-_Classic_Parsing_Methods_-_61_slides_25-05.txt,3,5
Course_3_Week_4,Course3_W4-S1-L4_-_Earley_Parser_-_20_slides_16-34.txt,4,5
Course_3_Week_4,Course3_W4-S1-L5_-_The_Penn_Treebank_-_21_slides_17-55.txt,5,5
Course_3_Week_5,Course3_W5-S1-L1_-_Parsing_Introduction_and_recap-Parsing_noun_sequences_-_20_slides_15-19.txt,6,6
Course_3_Week_5,Course3_W5-S1-L2_-_Prepositional_phrase_attachment_1-3_-_15_slides_14-50.txt,7,6
Course_3_Week_5,Course3_W5-S1-L3_-_Prepositional_phrase_attachment_2-3_-_20_slides_17-22.txt,8,6
Course_3_Week_5,Course3_W5-S1-L4_-_Prepositional_phrase_attachment_3-3_-_18_slides_12-53.txt,9,6
Course_3_Week_5,Course3_W5-S1-L5_-_Statistical_Parsing_-_29_slides_12-52.txt,10,6
Course_3_Week_5,Course3_W5-S1-L6_-_Lexicalized_Parsing_-_12_slides_09-06.txt,11,6
Course_3_Week_5,Course3_W5-S1-L7_-_Dependency_Parsing_-_28_slides_18-04.txt,12,6
Course_3_Week_5,Course3_W5-S1-L8_-_Alternative_Parsing_Formalisms_-_10_slides_10-03.txt,13,6
Course_3_Week_6,Course3_W6-S1-L1_-_Probabilities_-_17_slides_21-11.txt,1,6
Course_3_Week_6,Course3_W6-S1-L2_-_Bayes_Theorem_-_8_slides_10-48.txt,2,6
Course_3_Week_6,Course3_W6-S1-L3_-_Language_Modeling_1-3_-_18_slides_19-21.txt,3,6
Course_3_Week_6,Course3_W6-S1-L4_-_Language_Modeling_1-3_contd_-__5_slides_03-05.txt,4,6
Course_3_Week_6,Course3_W6-S1-L5_-_Language_Modeling_2-3_-_13_slides_10-56.txt,5,6
Course_3_Week_6,Course3_W6-S1-L6_-_Language_Modeling_3-3_-_14_slides_15-06.txt,6,6
Course_3_Week_6,Course3_W6-S1-L7_-_Word_Sense_Disambiguation_-_15_slides_20-06.txt,7,6
Course_3_Week_7,Course3_W7-S1-L1_-_Noisy_Channel_Model_-_8_slides_08-33.txt,1,6
Course_3_Week_7,Course3_W7-S1-L2_-_Part_of_Speech_Tagging_-_15_slides_18-08.txt,2,6
Course_3_Week_7,Course3_W7-S1-L3_-_Hidden_Markov_Models_1-2_-_30_slides_24-41.txt,3,6
Course_3_Week_7,Course3_W7-S1-L4_-_Hidden_Markov_Models_2-2_-_9_slides_05-28.txt,4,6
Course_3_Week_7,Course3_W7-S1-L5_-_Statistical_POS_Tagging_-_16_slides_09-28.txt,5,6
Course_3_Week_7,Course3_W7-S1-L6_-_Information_Extraction_-_10_slides_05-37.txt,6,6
Course_3_Week_7,Course3_W7-S1-L7_-_Relation_Extraction_-_28_slides_21-26.txt,7,6
Course_3_Week_8,Course3_W8-S1-L1_-_Question_Answering_-_21_slides_21-39.txt,1,6
Course_3_Week_8,Course3_W8-S1-L2_-_Evaluation_of_QA__System_Architecture_-_21_slides_21-59.txt,2,6
Course_3_Week_8,Course3_W8-S1-L3_-_System_Architecture_-_9_slides_08-03.txt,3,6
Course_3_Week_8,Course3_W8-S1-L4_-_Question_Answering_Systems_1-2_-_14_slides_14-23.txt,4,6
Course_3_Week_8,Course3_W8-S1-L5_-_Question_Answering_Systems_2-2_-_9_slides_10-55.txt,5,6
Course_3_Week_9,Course3_W9-S1-L1_-_Summarization_-_16_slides_11-50.txt,1,6
Course_3_Week_9,Course3_W9-S1-L2_-_Summarization_Techniques_1-3_-_26_slides_19-49.txt,2,6
Course_3_Week_9,Course3_W9-S1-L3_-_Summarization_Techniques_2-3_-_27_slides_20-34.txt,3,6
Course_3_Week_9,Course3_W9-S1-L4_-_Summarization_Techniques_3-3_-_17_slides_10-23.txt,4,6
Course_3_Week_9,Course3_W9-S1-L5_-_Summarization_Evaluation_-_24_slides_25-49.txt,5,6
Course_3_Week_9,Course3_W9-S1-L6_-_Sentence_Simplification_-_8_slides_05-30.txt,6,6
